date	close
01-Jan-16	-0.199841666667
07-Jan-16	-0.206787531351
14-Jan-16	-0.197365182186
21-Jan-16	-0.20835072314
28-Jan-16	-0.209109207709
01-Feb-16	-0.200444778362
07-Feb-16	-0.196569653368
14-Feb-16	-0.193866813834
21-Feb-16	-0.193159940209
28-Feb-16	-0.209495356037
01-Mar-16	-0.193333072713
07-Mar-16	-0.19699047619
14-Mar-16	-0.205320457797
21-Mar-16	-0.222008446739
28-Mar-16	-0.19267404783
01-Apr-16	-0.200059606848
07-Apr-16	-0.207395396073
14-Apr-16	-0.201341432225
21-Apr-16	-0.209120839363
28-Apr-16	-0.196397188049
01-May-16	-0.191281653747
07-May-16	-0.197187422935
14-May-16	-0.19865172956
21-May-16	-0.19579009901
28-May-16	-0.214152830189
01-Jun-16	-0.193228844739
07-Jun-16	-0.208897579143
14-Jun-16	-0.211791233284
21-Jun-16	-0.193024533518
28-Jun-16	-0.217699310345
01-Jul-16	-0.21048534202
07-Jul-16	-0.19547231063
14-Jul-16	-0.20513902148
21-Jul-16	-0.211632770688
28-Jul-16	-0.203863478261
01-Aug-16	-0.199706113292
07-Aug-16	-0.205832811522
14-Aug-16	-0.201804788214
21-Aug-16	-0.200217809868
28-Aug-16	-0.197593570608
01-Sep-16	-0.196394629305
07-Sep-16	-0.209009535919
14-Sep-16	-0.202896781354
21-Sep-16	-0.200691331924
28-Sep-16	-0.194575356415
01-Oct-16	-0.211972151899
07-Oct-16	-0.207427844882
14-Oct-16	-0.195972382048
21-Oct-16	-0.191282424242
28-Oct-16	-0.186354983203
01-Nov-16	-0.19266469282
07-Nov-16	-0.20181625183
14-Nov-16	-0.196032198142
21-Nov-16	-0.206694078947
28-Nov-16	-0.195088414634
01-Dec-16	-0.19583988764
07-Dec-16	-0.194885586924
14-Dec-16	-0.20403046875
21-Dec-16	-0.218075757576
28-Dec-16	-0.20043902439
01-Jan-17	-0.209307692308
